{
  "provider": "kii",
  "settings": {
    "appId": "your APP ID",
    "appKey": "your APP KEY",
    "serverLocation": "your server location (i.e. (US|EU|CN|CN3|SG|JP))",
    "development": "true if under development environment",
    "login": {
      "redirectUri": "URL of your login dialog page (copied from src/dialog.html) beginning with https:// or http:// (if needed)",
      "clientIds": {
        "facebook": "your Facebook OAuth client_id (if needed)",
        "google": "your Google OAuth client_id (if needed)"
      }
    }
  }
}